TDSFU Daily run: Mon Oct 27 13:20:54 UTC 2025 TDSFU
TDSFU Daily run: Tue Oct 28 04:46:08 UTC 2025 TDSFU
TDSFU Daily run: Wed Oct 29 04:50:02 UTC 2025 TDSFU
TDSFU Daily run: Thu Oct 30 04:34:49 UTC 2025 TDSFU
TDSFU Daily run: Fri Oct 31 04:37:14 UTC 2025 TDSFU
TDSFU Daily run: Sat Nov  1 04:33:04 UTC 2025 TDSFU
TDSFU Daily run: Sun Nov  2 04:34:53 UTC 2025 TDSFU
TDSFU Daily run: Mon Nov  3 04:41:46 UTC 2025 TDSFU
TDSFU Daily run: Tue Nov  4 04:35:23 UTC 2025 TDSFU
TDSFU Daily run: Wed Nov  5 04:35:38 UTC 2025 TDSFU
TDSFU Daily run: Thu Nov  6 04:41:06 UTC 2025 TDSFU
TDSFU Daily run: Fri Nov  7 04:35:14 UTC 2025 TDSFU
TDSFU Daily run: Sat Nov  8 04:33:53 UTC 2025 TDSFU
